number,value,datetime_start,datetime_complete,duration,params_alpha,params_booster,params_eta,params_gamma,params_grow_policy,params_lambda,params_max_depth,state
0,0.5240084659380362,2022-08-29 19:06:22.218745,2022-08-29 19:06:32.533317,0 days 00:00:10.314572,4.976571320483768,gbtree,0.015121952032181139,2.6629707530600082e-05,lossguide,2.709650232342446e-06,2,COMPLETE
1,0.8839953162398113,2022-08-29 19:06:32.534421,2022-08-29 19:06:50.893094,0 days 00:00:18.358673,0.24208564045063913,gbtree,0.03910282731411191,1.297663680165544e-07,depthwise,0.009100623238627755,5,COMPLETE
2,-2.009793046042736,2022-08-29 19:06:50.893803,2022-08-29 19:07:10.596919,0 days 00:00:19.703116,3.141106921199639e-06,gbtree,6.083910939143399e-07,0.005443341093209546,depthwise,1.6840744040910158,5,COMPLETE
3,-0.28155559785489753,2022-08-29 19:07:10.597637,2022-08-29 19:07:18.092427,0 days 00:00:07.494790,3604.805970700709,gbtree,0.0057023888163725295,0.01889638232792569,depthwise,6.88912945005754e-08,2,COMPLETE
4,-0.31652925729431247,2022-08-29 19:07:18.093185,2022-08-29 19:07:32.619613,0 days 00:00:14.526428,293.27436437491076,gbtree,0.004735841866119419,2.2701781421670363e-05,depthwise,0.01181708982665982,4,COMPLETE
5,-2.0100951480551776,2022-08-29 19:07:32.620476,2022-08-29 19:07:43.504072,0 days 00:00:10.883596,210.81650317769436,gbtree,7.659601435019741e-08,0.0019551856241900945,depthwise,1.8027048103075386e-06,3,COMPLETE
6,-2.0100747878489997,2022-08-29 19:07:43.504802,2022-08-29 19:08:01.454601,0 days 00:00:17.949799,1.8171019310711534e-05,gbtree,1.0809168009428692e-07,0.00046797741870215157,depthwise,0.05023226973011652,5,COMPLETE
7,-2.0015400043858524,2022-08-29 19:08:01.455223,2022-08-29 19:08:15.725272,0 days 00:00:14.270049,0.014820675348445202,gbtree,1.675528951474977e-05,0.001895472434766303,depthwise,162.75159044488356,4,COMPLETE
8,-1.932324938743438,2022-08-29 19:08:15.726179,2022-08-29 19:08:30.105922,0 days 00:00:14.379743,308.85526462613655,gbtree,0.00014326924991127284,0.5254523971362381,depthwise,5.905865848846999e-05,4,COMPLETE
9,-0.18292592376475367,2022-08-29 19:08:30.106682,2022-08-29 19:08:43.932572,0 days 00:00:13.825890,0.00019124135626863006,gbtree,0.007943614357417209,0.03238398025728782,depthwise,3607.7544595844483,4,COMPLETE
10,-2.004135650600576,2022-08-29 19:08:43.933285,2022-08-29 19:08:50.653793,0 days 00:00:06.720508,2.1986904972682466e-08,gbtree,0.00018225983694590463,3.238478067174319e-08,lossguide,993165.8601524517,5,COMPLETE
11,0.7972544897613137,2022-08-29 19:08:50.654535,2022-08-29 19:08:57.866747,0 days 00:00:07.212212,0.4622210357951755,gbtree,0.03947125468280103,2.5908712046456125e-06,lossguide,0.00016270534104454533,2,COMPLETE
12,0.8528812617585588,2022-08-29 19:08:57.867403,2022-08-29 19:09:08.279129,0 days 00:00:10.411726,452371.2975692672,gbtree,0.048096146432251824,1.6332615939569465e-07,lossguide,0.0005243930881341106,3,COMPLETE
13,-1.7105962673944681,2022-08-29 19:09:08.279828,2022-08-29 19:09:18.956099,0 days 00:00:10.676271,279945.97685339896,gbtree,0.0005983806872714137,1.0593097943119925e-08,lossguide,0.002121996754466955,3,COMPLETE
14,-2.007827583275975,2022-08-29 19:09:18.956855,2022-08-29 19:09:29.361649,0 days 00:00:10.404794,696597.077449054,gbtree,4.369259840789259e-06,3.564356760141939e-07,lossguide,2.467713118127409,3,COMPLETE
15,-1.557825117538468,2022-08-29 19:09:29.362400,2022-08-29 19:09:39.808681,0 days 00:00:10.446281,0.009364771274686693,gbtree,0.0009349272979487237,4.4972220400482484e-07,lossguide,3.9658076905612485,3,COMPLETE
16,-1.503193314466898,2022-08-29 19:09:39.809395,2022-08-29 19:09:57.470101,0 days 00:00:17.660706,3.398638239688721,gbtree,0.0009900344223701457,9.907716770102108e-08,lossguide,1.4865391010013936e-08,5,COMPLETE
17,-2.0101304022445348,2022-08-29 19:09:57.470847,2022-08-29 19:10:11.566414,0 days 00:00:14.095567,17720.757442097212,gbtree,1.0057133339374854e-08,5.524246868136067e-06,lossguide,0.000465781799033027,4,COMPLETE
18,0.8574061944290022,2022-08-29 19:10:11.567778,2022-08-29 19:10:21.968178,0 days 00:00:10.400400,1.9009977107977694e-08,gbtree,0.04647303971955243,9.167498679027385e-07,lossguide,4.178279156365301e-06,3,COMPLETE
19,-1.9748730152871343,2022-08-29 19:10:21.968925,2022-08-29 19:10:29.259387,0 days 00:00:07.290462,1.1349739184594934e-08,gbtree,7.159784960991981e-05,1.821888482988085e-06,depthwise,3.363897255961495e-06,2,COMPLETE
20,-1.2653978040551266,2022-08-29 19:10:29.260097,2022-08-29 19:10:46.884990,0 days 00:00:17.624893,0.0005396802198853357,gbtree,0.0015310087920045103,7.208479706270511e-05,lossguide,1.313189119512439e-07,5,COMPLETE
21,0.8584339237137879,2022-08-29 19:10:46.885711,2022-08-29 19:10:57.356600,0 days 00:00:10.470889,2.41814194282621e-07,gbtree,0.047979109336888454,2.257268619007316e-07,lossguide,6.911093402367052e-05,3,COMPLETE
22,0.8524476407999652,2022-08-29 19:10:57.357372,2022-08-29 19:11:07.810270,0 days 00:00:10.452898,1.8820518900784764e-07,gbtree,0.04020891068047464,1.2039179306091108e-06,lossguide,9.470877963527916e-06,3,COMPLETE
23,-0.6745048818427929,2022-08-29 19:11:07.811127,2022-08-29 19:11:18.424430,0 days 00:00:10.613303,5.747009610258892e-07,gbtree,0.0034854876038602476,4.953562878275477e-08,lossguide,0.008361366942851802,3,COMPLETE
24,0.6579234989632906,2022-08-29 19:11:18.425077,2022-08-29 19:11:32.212675,0 days 00:00:13.787598,7.99272031923675e-05,gbtree,0.01424860965250625,8.76196176720703e-06,lossguide,2.835159854849989e-05,4,COMPLETE
25,0.734366915111619,2022-08-29 19:11:32.213484,2022-08-29 19:11:42.711062,0 days 00:00:10.497578,0.0037683583432066826,gbtree,0.019357320302991744,1.1956217133116868e-08,lossguide,0.2548278985882459,3,COMPLETE
26,-0.9258618950078683,2022-08-29 19:11:42.711763,2022-08-29 19:11:49.840939,0 days 00:00:07.129176,2.791396153510351e-07,gbtree,0.002847991065201819,3.181443522095189e-07,depthwise,3.2539943641903425e-07,2,COMPLETE
27,-1.8516615990295313,2022-08-29 19:11:49.841684,2022-08-29 19:12:03.794370,0 days 00:00:13.952686,7.312447309858403e-06,gbtree,0.0002965660557115283,9.953986706862785e-07,lossguide,0.0011279544070468845,4,COMPLETE
28,-1.9968425245241719,2022-08-29 19:12:03.795086,2022-08-29 19:12:14.449127,0 days 00:00:10.654041,0.15576308523833876,gbtree,2.503323238544511e-05,5.00139029807217e-08,depthwise,0.12329903330084604,3,COMPLETE
29,0.5004344997078193,2022-08-29 19:12:14.449967,2022-08-29 19:12:21.630704,0 days 00:00:07.180737,7.898324868729093,gbtree,0.014496982602037805,2.6274729890828403e-05,lossguide,1.1753191197710998e-06,2,COMPLETE
30,0.4982198612774749,2022-08-29 19:12:21.631425,2022-08-29 19:12:32.032617,0 days 00:00:10.401192,6.487398020809407e-08,gbtree,0.01214041694476026,7.157526178203281e-06,lossguide,2.613986055513204e-05,3,COMPLETE
31,0.847994862489615,2022-08-29 19:12:32.033463,2022-08-29 19:12:42.507530,0 days 00:00:10.474067,2.934954311384272e-06,gbtree,0.03695420520565304,1.846573703812687e-07,lossguide,0.00030978341209088897,3,COMPLETE
32,0.8508540752422715,2022-08-29 19:12:42.508305,2022-08-29 19:12:53.339290,0 days 00:00:10.830985,7.47742202609179,gbtree,0.03957099243588004,1.2200604155223523e-07,lossguide,0.009232408266012208,3,COMPLETE
33,-0.9234671869952529,2022-08-29 19:12:53.340555,2022-08-29 19:13:03.945256,0 days 00:00:10.604701,26722.582745875832,gbtree,0.00263507088954783,6.347172374687403e-07,lossguide,0.0014063059806114404,3,COMPLETE
34,0.41884555867160417,2022-08-29 19:13:03.946386,2022-08-29 19:13:11.199507,0 days 00:00:07.253121,6.258054395830526e-07,gbtree,0.012721256239166144,2.9939550819511944e-08,lossguide,0.00012050452325765636,2,COMPLETE
35,-0.034680421393437244,2022-08-29 19:13:11.200301,2022-08-29 19:13:25.235599,0 days 00:00:14.035298,0.001785706431754367,gbtree,0.006209981474206883,1.3104133016502546e-07,depthwise,4.929893492820008e-06,4,COMPLETE
36,-2.0085215022616243,2022-08-29 19:13:25.237404,2022-08-29 19:13:36.011969,0 days 00:00:10.774565,65.18536260202103,gbtree,3.031960241022198e-06,0.00017233255859966742,depthwise,0.025697059025754452,3,COMPLETE
37,0.7855885109517313,2022-08-29 19:13:36.012922,2022-08-29 19:13:46.658768,0 days 00:00:10.645846,0.05417516205773358,gbtree,0.02332988849359291,3.758373087497505e-06,lossguide,0.35683793143477016,3,COMPLETE
38,0.006118026531171564,2022-08-29 19:13:46.660400,2022-08-29 19:14:00.810977,0 days 00:00:14.150577,1.953771255946069e-05,gbtree,0.006662924050164343,1.2723966573591665e-05,depthwise,30.764474816845745,4,COMPLETE
39,-0.8860829349734667,2022-08-29 19:14:00.812214,2022-08-29 19:14:18.843290,0 days 00:00:18.031076,1179.285567625781,gbtree,0.0025360362024128844,9.220566087759859e-07,depthwise,6.838978755220998e-07,5,COMPLETE
40,-0.10912793806082961,2022-08-29 19:14:18.845543,2022-08-29 19:14:26.175546,0 days 00:00:07.330003,2.4859250463949217e-06,gbtree,0.006805132187888963,2.668837585284033e-08,lossguide,6.000376871932237e-08,2,COMPLETE
41,0.8402584806526923,2022-08-29 19:14:26.176588,2022-08-29 19:14:36.617204,0 days 00:00:10.440616,1.1905971993986527e-07,gbtree,0.0336370554670362,1.737910817755523e-06,lossguide,1.0148633012141477e-05,3,COMPLETE
42,0.8576388544253183,2022-08-29 19:14:36.617915,2022-08-29 19:14:47.152009,0 days 00:00:10.534094,5.89991949210014e-08,gbtree,0.046571357254122175,2.746227397233614e-07,lossguide,2.19151999403872e-05,3,COMPLETE
43,0.7558071193632138,2022-08-29 19:14:47.153060,2022-08-29 19:14:57.804425,0 days 00:00:10.651365,4.0241979147366515e-08,gbtree,0.02071047369225986,2.2343733739212654e-07,lossguide,3.8756990273170295e-05,3,COMPLETE
44,0.8542062463794762,2022-08-29 19:14:57.805213,2022-08-29 19:15:08.698980,0 days 00:00:10.893767,4.444609032986711e-05,gbtree,0.041928359182731884,7.52472558404271e-08,lossguide,0.003839498044248943,3,COMPLETE
45,0.13000962409567537,2022-08-29 19:15:08.701296,2022-08-29 19:15:19.462157,0 days 00:00:10.760861,1.0285292673476632e-08,gbtree,0.007799850487581929,6.057066411940493e-08,depthwise,0.0025109012790110272,3,COMPLETE
46,-2.009902348405913,2022-08-29 19:15:19.464404,2022-08-29 19:15:34.000611,0 days 00:00:14.536207,3.3184795960816476e-05,gbtree,4.2368766630678343e-07,0.44808909520285634,lossguide,0.03597011856667389,4,COMPLETE
47,0.8586638655476385,2022-08-29 19:15:34.002847,2022-08-29 19:15:45.003718,0 days 00:00:11.000871,1.1050080791591734e-06,gbtree,0.04814565987244651,1.3385137609282268e-08,lossguide,0.004296534227857808,3,COMPLETE
48,0.45637037539841047,2022-08-29 19:15:45.005891,2022-08-29 19:15:59.312746,0 days 00:00:14.306855,7.778051484874638e-07,gbtree,0.010516502304999138,1.775687826587871e-08,lossguide,0.0001115923936188009,4,COMPLETE
49,-1.416170117308425,2022-08-29 19:15:59.315017,2022-08-29 19:16:07.267076,0 days 00:00:07.952059,5.280725830756851e-08,gbtree,0.020123502048705864,5.43816444070236e-07,depthwise,931952.4452353505,3,COMPLETE
50,-1.777401061535252,2022-08-29 19:16:07.269308,2022-08-29 19:16:25.202591,0 days 00:00:17.933283,0.8213719246923259,gbtree,0.00043065060439843015,0.010059395087782776,lossguide,0.7378291017498196,5,COMPLETE
51,0.8576447639428149,2022-08-29 19:16:25.204995,2022-08-29 19:16:35.910358,0 days 00:00:10.705363,1.2931906599490505e-06,gbtree,0.047089736978333914,5.704522236482832e-08,lossguide,0.013295479078798354,3,COMPLETE
52,0.8585508347799204,2022-08-29 19:16:35.911167,2022-08-29 19:16:46.575396,0 days 00:00:10.664229,2.2916643863141143e-06,gbtree,0.04778700019185486,1.9281468770304778e-08,lossguide,0.0643307804160157,3,COMPLETE
53,-0.43161622744310674,2022-08-29 19:16:46.577210,2022-08-29 19:16:57.113673,0 days 00:00:10.536463,1.8148431634919702e-06,gbtree,0.004466513870417153,2.322372434720783e-08,lossguide,0.07571589119935875,3,COMPLETE
54,0.7872930329181673,2022-08-29 19:16:57.114438,2022-08-29 19:17:07.776159,0 days 00:00:10.661721,9.544892055271148e-06,gbtree,0.024074462761346498,1.1279659177672234e-08,lossguide,11.930372793367583,3,COMPLETE
55,-1.3808695369209372,2022-08-29 19:17:07.777916,2022-08-29 19:17:21.328049,0 days 00:00:13.550133,0.00044741858590593243,gbtree,0.0013543065454986168,6.711056163195885e-08,lossguide,0.011284322985646912,3,COMPLETE
56,0.7751140965285859,2022-08-29 19:17:21.331162,2022-08-29 19:34:03.390936,0 days 00:16:42.059774,2.971031153112621e-07,gbtree,0.022304842960442234,3.689736742113213e-08,lossguide,0.0007926923638137126,3,COMPLETE
57,0.26774691104468806,2022-08-29 19:34:03.393335,2022-08-29 19:34:10.874640,0 days 00:00:07.481305,1.2453891371381319e-06,gbtree,0.010352330919698522,2.6474451513579843e-07,lossguide,0.004783221463110167,2,COMPLETE
58,0.857632786098409,2022-08-29 19:34:10.882593,2022-08-29 19:34:21.734564,0 days 00:00:10.851971,6.141163177401758e-06,gbtree,0.04674127502703828,0.0014031780694572125,depthwise,0.023236379014106055,3,COMPLETE
59,-2.0101229458849477,2022-08-29 19:34:21.743147,2022-08-29 19:34:32.503475,0 days 00:00:10.760328,0.00020292413555347925,gbtree,2.4407629535109852e-08,1.0752101817787391e-08,lossguide,0.00025499417429928896,3,COMPLETE
60,-0.32445057938277977,2022-08-29 19:34:32.505756,2022-08-29 19:50:34.635006,0 days 00:16:02.129250,0.019998477338617975,gbtree,0.004702385784803503,9.381652538657379e-08,lossguide,0.19066607036194097,4,COMPLETE
61,0.8585785250539154,2022-08-29 19:50:34.636974,2022-08-29 19:50:45.295787,0 days 00:00:10.658813,6.766673040833732e-06,gbtree,0.04794919389930703,0.05062722176276404,depthwise,0.02897139024478528,3,COMPLETE
62,0.8043517227061565,2022-08-29 19:50:45.297148,2022-08-29 19:50:55.969089,0 days 00:00:10.671941,2.239952199230965e-07,gbtree,0.02583138260213885,0.04531258654984281,depthwise,0.846912808508906,3,COMPLETE
63,0.8589832215859995,2022-08-29 19:50:55.971447,2022-08-29 19:51:06.609690,0 days 00:00:10.638243,8.678796859436848e-08,gbtree,0.04913068485499082,0.0009899817074901537,depthwise,0.05846315050119701,3,COMPLETE
64,0.6606345905783624,2022-08-29 19:51:06.618425,2022-08-29 20:07:04.464124,0 days 00:15:57.845699,6.749803811513875e-06,gbtree,0.016090241853605882,0.13117898291601143,depthwise,0.08065885558275208,3,COMPLETE
65,0.8046347274584349,2022-08-29 20:07:04.466957,2022-08-29 20:07:15.004570,0 days 00:00:10.537613,1.439131562037837,gbtree,0.026237773884567425,0.000665902268904012,depthwise,3.861482752977367,3,COMPLETE
66,0.21053546756812058,2022-08-29 20:07:15.005305,2022-08-29 20:07:22.156379,0 days 00:00:07.151074,0.00011644073692894859,gbtree,0.009658911061098115,0.0045030231650124855,depthwise,0.7426075218759124,2,COMPLETE
67,0.6319179922099241,2022-08-29 20:07:22.158623,2022-08-29 20:07:32.794609,0 days 00:00:10.635986,4.495219792407125e-07,gbtree,0.015155420526275649,6.910736739290691e-05,depthwise,0.03394777403845366,3,COMPLETE
68,-1.9720111414203445,2022-08-29 20:07:32.796084,2022-08-29 20:07:46.579611,0 days 00:00:13.783527,0.2596555989178065,gbtree,7.705309885947613e-05,0.00019299553421428596,depthwise,297.011699476513,4,COMPLETE
69,-1.2514938390915535,2022-08-29 20:07:46.580362,2022-08-29 20:22:57.281165,0 days 00:15:10.700803,1.4334672122962845e-07,gbtree,0.0016858408830289025,0.9202031234626952,depthwise,0.0052521263855803465,3,COMPLETE
70,0.884922153517761,2022-08-29 20:22:57.283956,2022-08-29 20:23:15.734950,0 days 00:00:18.450994,2.0043498796625566e-06,gbtree,0.04873050167250507,0.03623253804911852,depthwise,0.0006943825093019094,5,COMPLETE
71,0.8853556188968759,2022-08-29 20:23:15.737294,2022-08-29 20:23:33.711488,0 days 00:00:17.974194,9.359222762741814e-07,gbtree,0.04894208015345787,0.04093991577258442,depthwise,0.0006708909846599613,5,COMPLETE
72,0.8789256576912144,2022-08-29 20:23:33.713796,2022-08-29 20:39:55.403551,0 days 00:16:21.689755,3.4668159244294357e-06,gbtree,0.03145250672016508,0.07482721811822585,depthwise,0.0013591105454279306,5,COMPLETE
73,0.8745807890763082,2022-08-29 20:39:55.405760,2022-08-29 20:40:13.160572,0 days 00:00:17.754812,4.051346432559278e-06,gbtree,0.02884686634613499,0.03808778302946628,depthwise,0.0013308356109314628,5,COMPLETE
74,0.8752233818186852,2022-08-29 20:40:13.162763,2022-08-29 20:57:10.077579,0 days 00:16:56.914816,1.057677439570223e-05,gbtree,0.029130141845785856,0.06428678040933515,depthwise,0.0002863297824502266,5,COMPLETE
75,0.7417392663285056,2022-08-29 20:57:10.079880,2022-08-29 20:57:27.718257,0 days 00:00:17.638377,0.0020697859956634846,gbtree,0.015663654671580464,0.1909215316561811,depthwise,0.0006364232103169705,5,COMPLETE
76,0.8725685068644692,2022-08-29 20:57:27.720586,2022-08-29 20:57:45.522836,0 days 00:00:17.802250,4.153103001031827e-05,gbtree,0.02797099958646454,0.018127062416586688,depthwise,0.001847154367816693,5,COMPLETE
77,0.8761420122655674,2022-08-29 20:57:45.525201,2022-08-29 21:14:14.651297,0 days 00:16:29.126096,1.7574663666815007e-05,gbtree,0.029660513195804494,0.021873302603442203,depthwise,0.0012328404697765183,5,COMPLETE
78,-0.4919893745845745,2022-08-29 21:14:14.653698,2022-08-29 21:14:32.137767,0 days 00:00:17.484069,1.786349412264289e-05,gbtree,0.003840310167374976,0.012645292969559341,depthwise,0.0013766562829351586,5,COMPLETE
79,0.8762238491726065,2022-08-29 21:14:32.140131,2022-08-29 21:14:49.907858,0 days 00:00:17.767727,0.0008088120306535912,gbtree,0.029682265904256305,0.09603363005250364,depthwise,0.00022322590302600707,5,COMPLETE
80,0.33825753153794585,2022-08-29 21:14:49.910252,2022-08-29 21:15:08.279434,0 days 00:00:18.369182,0.0006807669334994786,gbtree,0.008648701186319259,0.09532037033745745,depthwise,0.00020394857191222314,5,COMPLETE
81,0.8744654699098284,2022-08-29 21:15:08.281717,2022-08-29 21:15:27.584518,0 days 00:00:19.302801,4.782637120495144e-05,gbtree,0.02863488318337227,0.028781926782280778,depthwise,8.832976915235501e-05,5,COMPLETE
82,0.8756802649715745,2022-08-29 21:15:27.586562,2022-08-29 21:15:47.030524,0 days 00:00:19.443962,0.00022822047792696423,gbtree,0.0293069248497537,0.005128686814368264,depthwise,0.0004507810096365723,5,COMPLETE
83,-2.0070061412693474,2022-08-29 21:15:47.031370,2022-08-29 21:16:06.992621,0 days 00:00:19.961251,0.00026214932663930343,gbtree,5.537044199330622e-06,0.0038613606510176177,depthwise,0.00037621477965148713,5,COMPLETE
84,0.686578616183489,2022-08-29 21:16:06.994938,2022-08-29 21:16:26.860278,0 days 00:00:19.865340,0.06522029294340179,gbtree,0.013949539353150435,0.2713333933784963,depthwise,0.0007084571556060993,5,COMPLETE
85,-0.030243985414693683,2022-08-29 21:16:26.861026,2022-08-29 21:16:46.817400,0 days 00:00:19.956374,0.011875065012312202,gbtree,0.005959966514517568,0.09787881352022942,depthwise,6.224354341273817e-05,5,COMPLETE
86,0.8793537492849071,2022-08-29 21:16:46.818464,2022-08-29 21:17:07.200478,0 days 00:00:20.382014,1.40684510213063e-05,gbtree,0.03170065950158593,0.00981082566402202,depthwise,1.0125011490268313e-05,5,COMPLETE
87,0.8260263944531268,2022-08-29 21:17:07.202809,2022-08-29 21:17:27.569379,0 days 00:00:20.366570,8.008531659025517e-05,gbtree,0.02025382115373277,0.0069034712427254825,depthwise,1.4178848278265875e-05,5,COMPLETE
88,0.4822737164233558,2022-08-29 21:17:27.571737,2022-08-29 21:17:48.076413,0 days 00:00:20.504676,1.7813273183652746e-05,gbtree,0.01024813673903427,0.003104146262083442,depthwise,5.133461011947831e-06,5,COMPLETE
89,0.8807566477723285,2022-08-29 21:17:48.077168,2022-08-29 21:18:08.688025,0 days 00:00:20.610857,1.4627994071968657e-05,gbtree,0.03301453332825503,0.07554699804968731,depthwise,0.0002076650658614312,5,COMPLETE
90,0.7482995025873777,2022-08-29 21:18:08.689941,2022-08-29 21:18:29.535229,0 days 00:00:20.845288,0.00590739942006877,gbtree,0.01589868020243263,0.01907520035527697,depthwise,2.497471780041573e-05,5,COMPLETE
91,0.8797301242587758,2022-08-29 21:18:29.536286,2022-08-29 21:18:50.459830,0 days 00:00:20.923544,1.8607095610770115e-05,gbtree,0.031843505419469544,0.07177114241302232,depthwise,0.00014697273713818053,5,COMPLETE
92,0.8776406423812129,2022-08-29 21:18:50.461161,2022-08-29 21:19:11.461512,0 days 00:00:21.000351,0.0006393005091141448,gbtree,0.030814076462780664,0.024735198948265896,depthwise,5.43512748061628e-05,5,COMPLETE
93,0.8047806042190102,2022-08-29 21:19:11.462954,2022-08-29 21:19:32.375306,0 days 00:00:20.912352,0.001178626786703223,gbtree,0.018664171504346197,0.026594273593568894,depthwise,2.3283955446836534e-06,5,COMPLETE
94,0.8810951071337654,2022-08-29 21:19:32.376273,2022-08-29 21:19:53.329019,0 days 00:00:20.952746,0.023103461634628408,gbtree,0.03318705137792887,0.07039860375806586,depthwise,0.00014306135333173596,5,COMPLETE
95,0.6222274058086589,2022-08-29 21:19:53.330757,2022-08-29 21:20:14.492671,0 days 00:00:21.161914,23.13822068243317,gbtree,0.012485292645883418,0.3058037046331779,depthwise,4.90476541274483e-05,5,COMPLETE
96,0.3222585280499801,2022-08-29 21:20:14.494187,2022-08-29 21:20:35.744232,0 days 00:00:21.250045,0.02579528670247856,gbtree,0.00849714118062474,0.0842794457195098,depthwise,1.0158847465262978e-06,5,COMPLETE
97,0.8809105542335798,2022-08-29 21:20:35.746571,2022-08-29 21:20:56.904545,0 days 00:00:21.157974,0.0029333388534364575,gbtree,0.033281481744535484,0.1542080315553454,depthwise,0.00015579020418520674,5,COMPLETE
98,-2.0098725161518693,2022-08-29 21:20:56.905300,2022-08-29 21:21:18.107215,0 days 00:00:21.201915,0.001966024011144829,gbtree,4.657879172490625e-07,0.1681554561867331,depthwise,0.00012075766634679433,5,COMPLETE
99,0.8831710016816754,2022-08-29 21:21:18.109007,2022-08-29 21:21:39.355048,0 days 00:00:21.246041,0.16443090775618194,gbtree,0.036775987314476816,0.011318170220101247,depthwise,1.980769303154361e-05,5,COMPLETE
100,0.8822697122907217,2022-08-29 21:21:39.355854,2022-08-29 21:22:00.808693,0 days 00:00:21.452839,0.39393758792681244,gbtree,0.03579788309046875,0.06254258127118781,depthwise,4.872141040980659e-06,5,COMPLETE
101,0.8390868186968861,2022-08-29 21:22:00.811168,2022-08-29 21:22:22.162182,0 days 00:00:21.351014,0.17938599466494254,gbtree,0.021495713475631863,0.01133045491113858,depthwise,7.161659061114972e-06,5,COMPLETE
102,0.8830578850678301,2022-08-29 21:22:22.164549,2022-08-29 21:22:43.542461,0 days 00:00:21.377912,2.3177448124832516,gbtree,0.03661475603647135,0.048268489235345324,depthwise,1.4723330158228408e-05,5,COMPLETE
103,0.80439658082384,2022-08-29 21:22:43.543245,2022-08-29 21:23:04.741252,0 days 00:00:21.198007,2.029577538225509,gbtree,0.018644575774120296,0.060742806678159664,depthwise,1.934399874247501e-07,5,COMPLETE
104,0.6047390211474544,2022-08-29 21:23:04.743484,2022-08-29 21:23:26.075731,0 days 00:00:21.332247,0.6170826206975903,gbtree,0.012139244577568707,0.1449219349725084,depthwise,1.3080026234469785e-05,5,COMPLETE
105,0.8833169938022687,2022-08-29 21:23:26.076854,2022-08-29 21:23:47.559413,0 days 00:00:21.482559,0.34069784365072014,gbtree,0.03686376397529517,0.26868746837455926,depthwise,4.961203940109215e-07,5,COMPLETE
106,0.8832320885940415,2022-08-29 21:23:47.560153,2022-08-29 21:24:09.158875,0 days 00:00:21.598722,0.3220162030698382,gbtree,0.03758921104787991,0.24608460978215538,depthwise,4.896573700378442e-07,5,COMPLETE
107,0.03698898774313715,2022-08-29 21:24:09.161122,2022-08-29 21:24:30.627247,0 days 00:00:21.466125,0.0336848720832489,gbtree,0.0063573089954777305,0.6070277968650056,depthwise,4.903263971876928e-08,5,COMPLETE
108,0.8847233041204376,2022-08-29 21:24:30.628019,2022-08-29 21:24:52.287038,0 days 00:00:21.659019,4.2909341882229475,gbtree,0.042314734509084004,0.25466022550363143,depthwise,5.943357287281775e-07,5,COMPLETE
109,0.8833297280280288,2022-08-29 21:24:52.289070,2022-08-29 21:25:14.047946,0 days 00:00:21.758876,18.34902927271947,gbtree,0.03874326523536366,0.3443806516390723,depthwise,3.068633887187258e-07,5,COMPLETE
110,-2.010059296551412,2022-08-29 21:25:14.050369,2022-08-29 21:25:35.825020,0 days 00:00:21.774651,23.15151957097839,gbtree,1.3552536168375292e-07,0.27469046349447535,depthwise,4.822559849261996e-07,5,COMPLETE
111,0.8390703537371664,2022-08-29 21:25:35.827420,2022-08-29 21:25:57.334374,0 days 00:00:21.506954,0.29789419498824415,gbtree,0.021496917084579178,0.3504389906241963,depthwise,1.6258359946865628e-08,5,COMPLETE
112,0.8833900371534815,2022-08-29 21:25:57.335153,2022-08-29 21:26:19.432614,0 days 00:00:22.097461,4.393427498233945,gbtree,0.03907746697593838,0.8611801566276084,depthwise,1.51828975986606e-07,5,COMPLETE
113,0.8843328595508552,2022-08-29 21:26:19.434873,2022-08-29 21:26:42.630757,0 days 00:00:23.195884,4.7348518938371855,gbtree,0.041831775718132395,0.8889596724376596,depthwise,1.2311602629833976e-07,5,COMPLETE
114,0.8835656866407777,2022-08-29 21:26:42.631556,2022-08-29 21:27:07.045761,0 days 00:00:24.414205,6.656873051244699,gbtree,0.038559445920153486,0.871452838362662,depthwise,1.5240287025445383e-07,5,COMPLETE
115,0.8851920822418972,2022-08-29 21:27:07.048168,2022-08-29 21:27:32.260852,0 days 00:00:25.212684,4.464018335554877,gbtree,0.04888351771292729,0.666982643844461,depthwise,1.2356719895022182e-07,5,COMPLETE
116,0.8849164397254762,2022-08-29 21:27:32.262017,2022-08-29 21:27:57.915663,0 days 00:00:25.653646,6.929460738264346,gbtree,0.04808169543822269,0.5492038761715783,depthwise,1.3351267553366707e-07,5,COMPLETE
117,0.8850838226742626,2022-08-29 21:27:57.916438,2022-08-29 21:28:23.738507,0 days 00:00:25.822069,7.594262394395795,gbtree,0.04790135299738697,0.9826589128736374,depthwise,3.0340811873503226e-08,5,COMPLETE
118,0.8854481211747762,2022-08-29 21:28:23.740911,2022-08-29 21:28:49.167410,0 days 00:00:25.426499,5.045784548458783,gbtree,0.04954931388765395,0.7072047341690648,depthwise,1.0892575719728089e-07,5,COMPLETE
119,0.8855405376980314,2022-08-29 21:28:49.168173,2022-08-29 21:29:14.002129,0 days 00:00:24.833956,154.08263987650736,gbtree,0.04950982977046204,0.9211205826131187,depthwise,3.0952125960143777e-08,5,COMPLETE
120,0.885652177607388,2022-08-29 21:29:14.003948,2022-08-29 21:29:38.854967,0 days 00:00:24.851019,79.21239623385969,gbtree,0.04667546676648438,0.9879182100148444,depthwise,3.237411482749958e-08,5,COMPLETE
121,0.8850185058580889,2022-08-29 21:29:38.857193,2022-08-29 21:30:03.385172,0 days 00:00:24.527979,91.36184152202324,gbtree,0.04627729311165822,0.8909072863701842,depthwise,2.526342756171751e-08,5,COMPLETE
122,0.8847586616771098,2022-08-29 21:30:03.386270,2022-08-29 21:30:28.071788,0 days 00:00:24.685518,121.34638893570947,gbtree,0.047841415698245446,0.5702173478367281,depthwise,3.6792966812853315e-08,5,COMPLETE
123,0.8358327037039162,2022-08-29 21:30:28.073514,2022-08-29 21:30:52.212681,0 days 00:00:24.139167,180.06027776405776,gbtree,0.02116380329027968,0.5566271492137586,depthwise,3.134402953239493e-08,5,COMPLETE
124,0.71428532835553,2022-08-29 21:30:52.213957,2022-08-29 21:31:16.512289,0 days 00:00:24.298332,91.84939065941062,gbtree,0.01473772249234527,0.6107702499078952,depthwise,1.3996434661536836e-08,5,COMPLETE
125,0.8856029161036385,2022-08-29 21:31:16.514118,2022-08-29 21:31:41.476181,0 days 00:00:24.962063,801.1133672168513,gbtree,0.049228380098450035,0.986487825541576,depthwise,2.7221663921479863e-08,5,COMPLETE
126,0.8854504364163149,2022-08-29 21:31:41.477287,2022-08-29 21:32:06.883253,0 days 00:00:25.405966,798.8129756304801,gbtree,0.04935485869521221,0.4607211990476902,depthwise,3.349893273826826e-08,5,COMPLETE
127,0.8854896433838444,2022-08-29 21:32:06.885021,2022-08-29 21:32:32.698662,0 days 00:00:25.813641,1527.4616116039374,gbtree,0.04701893961672332,0.4355447494496799,depthwise,4.67266207363962e-08,5,COMPLETE
128,0.8338693115817053,2022-08-29 21:32:32.699470,2022-08-29 21:32:58.417239,0 days 00:00:25.717769,1374.842902028674,gbtree,0.0209944787906851,0.42312677530669435,depthwise,2.871966459701108e-08,5,COMPLETE
129,0.8574036836733202,2022-08-29 21:32:58.418416,2022-08-29 21:33:24.637014,0 days 00:00:26.218598,590.8811926816095,gbtree,0.024030653831817867,0.5685838009530816,depthwise,1.1126608570895718e-08,5,COMPLETE
130,0.885398867066788,2022-08-29 21:33:24.637912,2022-08-29 21:33:51.195416,0 days 00:00:26.557504,7904.6632681865085,gbtree,0.04947235225381387,0.9919734712776153,depthwise,5.66075138316115e-08,5,COMPLETE
131,0.8848207902479681,2022-08-29 21:33:51.197246,2022-08-29 21:34:17.740567,0 days 00:00:26.543321,8029.329928432645,gbtree,0.04870821866131525,0.6858256701537588,depthwise,8.22377767138714e-08,5,COMPLETE
132,0.885202981672042,2022-08-29 21:34:17.742894,2022-08-29 21:34:43.515328,0 days 00:00:25.772434,11254.155281001715,gbtree,0.048654905088952975,0.9477267758112853,depthwise,9.431087970046914e-08,5,COMPLETE
133,0.7824817046709477,2022-08-29 21:34:43.516422,2022-08-29 21:35:08.872623,0 days 00:00:25.356201,58880.28356302086,gbtree,0.017459710228909395,0.9930069708994459,depthwise,7.67200740501184e-08,5,COMPLETE
134,0.8597725358683939,2022-08-29 21:35:08.873381,2022-08-29 21:35:34.823824,0 days 00:00:25.950443,2055.3424768694967,gbtree,0.024540585173300166,0.4600473881666155,depthwise,2.4653870882719307e-08,5,COMPLETE
135,0.885594804347683,2022-08-29 21:35:34.826086,2022-08-29 21:36:00.953117,0 days 00:00:26.127031,360.2097907368625,gbtree,0.04938225070228802,0.46111789319592456,depthwise,7.249328101207362e-08,5,COMPLETE
136,0.8463485285193676,2022-08-29 21:36:00.953883,2022-08-29 21:36:26.781386,0 days 00:00:25.827503,516.1937774245449,gbtree,0.022456241024839868,0.9979605165838682,depthwise,5.592579703979653e-08,5,COMPLETE
137,-1.9987143156787408,2022-08-29 21:36:26.783344,2022-08-29 21:36:53.430917,0 days 00:00:26.647573,328.82983484711303,gbtree,2.023586934729195e-05,0.42239979997481636,depthwise,2.0445173535535715e-08,5,COMPLETE
138,-2.009470154096764,2022-08-29 21:36:53.432405,2022-08-29 21:37:20.266720,0 days 00:00:26.834315,4384.307628589388,gbtree,1.1775796630175416e-06,0.20833059806666845,depthwise,2.492095563028885e-07,5,COMPLETE
139,0.884913076266522,2022-08-29 21:37:20.269228,2022-08-29 21:37:47.698942,0 days 00:00:27.429714,43.930637619435316,gbtree,0.049839975144508275,0.37238527643097524,depthwise,7.69225424457163e-08,5,COMPLETE
140,0.8846879396048575,2022-08-29 21:37:47.701607,2022-08-29 21:38:15.189582,0 days 00:00:27.487975,27183.507938075556,gbtree,0.04995400460268337,0.7207127073542716,depthwise,1.612371729718201e-06,5,COMPLETE
141,0.8647193124498317,2022-08-29 21:38:15.191992,2022-08-29 21:38:42.309560,0 days 00:00:27.117568,5475.812416955422,gbtree,0.02564267006418704,0.47317578573657204,depthwise,1.0155024542621876e-08,5,COMPLETE
142,0.6936077582097421,2022-08-29 21:38:42.310679,2022-08-29 21:39:09.084783,0 days 00:00:26.774104,2120.851678468983,gbtree,0.01414396385543629,0.7084840016875894,depthwise,1.076144551733854e-07,5,COMPLETE
143,0.8852207885320069,2022-08-29 21:39:09.085552,2022-08-29 21:39:36.022909,0 days 00:00:26.937357,703.3062280996569,gbtree,0.04783472844282259,0.4642157641689023,depthwise,4.112546976476939e-08,5,COMPLETE
144,0.8691486040708614,2022-08-29 21:39:36.025280,2022-08-29 21:40:02.103439,0 days 00:00:26.078159,596.5365352731416,gbtree,0.02689270030711904,0.9959212405441181,depthwise,4.149033437277751e-08,5,COMPLETE
145,-1.9107440380767935,2022-08-29 21:40:02.104214,2022-08-29 21:40:28.464934,0 days 00:00:26.360720,253.05943021129505,gbtree,0.00017903812632592532,0.3861297899659064,depthwise,2.2437961072061007e-08,5,COMPLETE
146,0.7826087101277304,2022-08-29 21:40:28.467390,2022-08-29 21:40:54.830252,0 days 00:00:26.362862,12499.845826245053,gbtree,0.017426043063972274,0.19468503025995484,depthwise,4.80578798650196e-08,5,COMPLETE
147,0.8711464128074805,2022-08-29 21:40:54.831071,2022-08-29 21:41:22.008712,0 days 00:00:27.177641,44.56359734437122,gbtree,0.02743867435270553,0.11878649285916913,depthwise,2.661101124728811e-07,5,COMPLETE
148,0.8852744554540329,2022-08-29 21:41:22.010976,2022-08-29 21:41:49.284517,0 days 00:00:27.273541,978.5208938406536,gbtree,0.048566312775941076,0.6777388761074193,depthwise,2.644002874351817e-08,5,COMPLETE
149,0.5781564393190619,2022-08-29 21:41:49.285286,2022-08-29 21:42:16.469613,0 days 00:00:27.184327,790.8702120500078,gbtree,0.011669395053952645,0.6944078730636333,depthwise,1.0225082773201296e-08,5,COMPLETE
150,0.8805744315417892,2022-08-29 21:42:16.471873,2022-08-29 21:42:43.558329,0 days 00:00:27.086456,1876.7843000933347,gbtree,0.032770809565161346,0.3619757676568329,depthwise,2.4757704895463734e-08,5,COMPLETE
151,0.8832522252871459,2022-08-29 21:42:43.559091,2022-08-29 21:43:11.641057,0 days 00:00:28.081966,12.562675775185063,gbtree,0.037117453347626866,0.5412125403345242,depthwise,6.840113549389756e-08,5,COMPLETE
152,0.8853693443776313,2022-08-29 21:43:11.648162,2022-08-29 21:43:40.545061,0 days 00:00:28.896899,3293.8948191281665,gbtree,0.04727905071812564,0.721467485723569,depthwise,4.04461496990701e-08,5,COMPLETE
153,0.8844884647650029,2022-08-29 21:43:40.547568,2022-08-29 21:44:08.554833,0 days 00:00:28.007265,56380.9943577501,gbtree,0.04755572314428214,0.7595705856062934,depthwise,4.262927849389114e-08,5,COMPLETE
154,0.86340547654393,2022-08-29 21:44:08.557355,2022-08-29 21:44:36.019235,0 days 00:00:27.461880,179.7569495563353,gbtree,0.025305403994035403,0.22433434720129922,depthwise,1.9005741612255497e-08,5,COMPLETE
155,-2.004561060220052,2022-08-29 21:44:36.020104,2022-08-29 21:45:03.348262,0 days 00:00:27.328158,2873.5844321182017,gbtree,9.86769936554084e-06,0.9764587925180244,depthwise,9.519799182601798e-08,5,COMPLETE
156,0.885296304910932,2022-08-29 21:45:03.350184,2022-08-29 21:45:31.427234,0 days 00:00:28.077050,917.7013482182356,gbtree,0.049111331022878034,0.4190069144214841,depthwise,1.6791161923769332e-07,5,COMPLETE
157,0.8852000158035,2022-08-29 21:45:31.434774,2022-08-29 21:45:59.127779,0 days 00:00:27.693005,1016.820887766687,gbtree,0.0497786687789089,0.3220733114875404,depthwise,2.0722622651962163e-07,5,COMPLETE
158,0.807004595124218,2022-08-29 21:45:59.129092,2022-08-29 21:46:25.818463,0 days 00:00:26.689371,1051.4465690937932,gbtree,0.018822333615031914,0.3167702340670346,depthwise,1.0958614807280657e-06,5,COMPLETE
159,0.8770194123581334,2022-08-29 21:46:25.819316,2022-08-29 21:46:52.503089,0 days 00:00:26.683773,418.36834768239237,gbtree,0.03008452105669219,0.45612805175065485,depthwise,2.674517894015569e-07,5,COMPLETE
160,0.8811417112999164,2022-08-29 21:46:52.504888,2022-08-29 21:47:19.403692,0 days 00:00:26.898804,9742.39608991258,gbtree,0.03370048417116641,0.19829320617351132,depthwise,1.5785032889092527e-07,5,COMPLETE
161,0.8853481355126454,2022-08-29 21:47:19.405837,2022-08-29 21:47:46.811497,0 days 00:00:27.405660,3958.2751878560252,gbtree,0.04909053339349425,0.5967458842705322,depthwise,5.40497422141389e-08,5,COMPLETE
162,0.8850299612341176,2022-08-29 21:47:46.812356,2022-08-29 21:48:15.209936,0 days 00:00:28.397580,5126.9634032703525,gbtree,0.04964267217338848,0.48202058294642014,depthwise,7.165740050901286e-08,5,COMPLETE
163,0.881449655217993,2022-08-29 21:48:15.212288,2022-08-29 22:40:39.380391,0 days 00:52:24.168103,1080.9242860286035,gbtree,0.034685081860855796,0.30911140767195755,depthwise,2.0192570188215822e-07,5,COMPLETE
164,0.8511273867021103,2022-08-29 22:40:39.383193,2022-08-29 23:27:31.175744,0 days 00:46:51.792551,30792.54406116238,gbtree,0.023064556827280196,0.5698607733390373,depthwise,5.139670984395905e-08,5,COMPLETE
165,0.8813559699363757,2022-08-29 23:27:31.177681,2022-08-29 23:30:01.040995,0 days 00:02:29.863314,4156.096880763611,gbtree,0.034044728155052675,0.14871190057306866,depthwise,7.92697716530437e-07,5,COMPLETE
166,0.8663801459075876,2022-08-29 23:30:01.044494,2022-08-29 23:30:21.398797,0 days 00:00:20.354303,361.5794173280943,gbtree,0.02594099958584343,0.39175779463180915,depthwise,1.020072854546654e-07,5,COMPLETE
167,0.525247130887019,2022-08-29 23:30:21.406063,2022-08-29 23:30:40.854977,0 days 00:00:19.448914,2412.7501682027037,gbtree,0.048760512199971406,0.6750122387293598,depthwise,23711.402542452233,5,COMPLETE
168,-1.9861149844839818,2022-08-29 23:30:40.857061,2022-08-29 23:30:59.438751,0 days 00:00:18.581690,736.0126954998443,gbtree,4.266027096565439e-05,0.2554861254000149,depthwise,2.957285989122069e-07,5,COMPLETE
169,0.7723473410950343,2022-08-29 23:30:59.452082,2022-08-29 23:31:18.841850,0 days 00:00:19.389768,248.97113200120782,gbtree,0.016905593274565183,0.6435044942120862,depthwise,4.43755724374222e-08,5,COMPLETE
170,0.8824161942116611,2022-08-29 23:31:18.843845,2022-08-29 23:31:38.258386,0 days 00:00:19.414541,8337.731599096642,gbtree,0.03593182842760713,0.35687875554195003,depthwise,1.8121427312680864e-08,5,COMPLETE
171,0.8854454998810166,2022-08-29 23:31:38.265417,2022-08-29 23:31:56.959108,0 days 00:00:18.693691,58.51772431893214,gbtree,0.04950551048133383,0.983083055831752,depthwise,3.147011005068645e-08,5,COMPLETE
172,0.8853299035211366,2022-08-29 23:31:56.961644,2022-08-29 23:32:14.732531,0 days 00:00:17.770887,60.443863447920364,gbtree,0.04991892373271297,0.646939175853876,depthwise,1.059511482062118e-07,5,COMPLETE
173,0.87071766280039,2022-08-29 23:32:14.733256,2022-08-29 23:32:33.573696,0 days 00:00:18.840440,1169.8405684508566,gbtree,0.0273507108024793,0.5026715267889654,depthwise,3.7255483870908116e-08,5,COMPLETE
174,0.8826388458957695,2022-08-29 23:32:33.575226,2022-08-29 23:32:52.269064,0 days 00:00:18.693838,153.93884163474465,gbtree,0.03598256759599022,0.29882150745104513,depthwise,1.622018069385773e-08,5,COMPLETE
175,0.8851260459169422,2022-08-29 23:32:52.271565,2022-08-29 23:33:10.273986,0 days 00:00:18.002421,41.36130263747552,gbtree,0.04966827852647796,0.6792999891749417,depthwise,8.530238428962638e-08,5,COMPLETE
176,0.8402742500819274,2022-08-29 23:33:10.276440,2022-08-29 23:33:28.036759,0 days 00:00:17.760319,18265.053776242483,gbtree,0.021691908609477853,0.4281121917624961,depthwise,1.017950451921872e-08,5,COMPLETE
177,0.8825534169159981,2022-08-29 23:33:28.039207,2022-08-29 23:33:45.966262,0 days 00:00:17.927055,70.62187753462639,gbtree,0.035636794834819054,0.17495475948877587,depthwise,3.598556872751803e-07,5,COMPLETE
178,0.8736009727619104,2022-08-29 23:33:45.968172,2022-08-29 23:34:03.737461,0 days 00:00:17.769289,3615.817987860033,gbtree,0.028438859546804578,0.9977409571358546,depthwise,1.4789371750814318e-07,5,COMPLETE
179,0.8832926117212657,2022-08-29 23:34:03.739839,2022-08-29 23:34:21.619577,0 days 00:00:17.879738,1284.5849901333054,gbtree,0.03762353584350711,0.681099078285379,depthwise,3.429113364771246e-08,5,COMPLETE
180,0.7964178287473351,2022-08-29 23:34:21.621864,2022-08-29 23:34:40.852685,0 days 00:00:19.230821,389.0298697670756,gbtree,0.018165170048520134,0.26978137652691,depthwise,6.462324075769063e-08,5,COMPLETE
181,0.8851580066205382,2022-08-29 23:34:40.854111,2022-08-29 23:34:59.365793,0 days 00:00:18.511682,126.82096785720238,gbtree,0.046799885450510954,0.5260212227994605,depthwise,1.3649619487842422e-07,5,COMPLETE
182,0.8797555538751105,2022-08-29 23:34:59.367418,2022-08-29 23:35:18.146028,0 days 00:00:18.778610,148720.01564006472,gbtree,0.03691629161984175,0.7711090913183681,depthwise,5.7073933636635675e-08,5,COMPLETE
183,0.8855880978723425,2022-08-29 23:35:18.148290,2022-08-29 23:35:36.603158,0 days 00:00:18.454868,688.0312819349778,gbtree,0.049564234309870205,0.4503577965894888,depthwise,2.013594778054373e-07,5,COMPLETE
184,0.8724562104049876,2022-08-29 23:35:36.605357,2022-08-29 23:35:56.038854,0 days 00:00:19.433497,678.267778262621,gbtree,0.027839517122889085,0.4365307671318096,depthwise,4.839306341066088e-07,5,COMPLETE
185,0.8856746629968352,2022-08-29 23:35:56.040265,2022-08-29 23:36:15.172017,0 days 00:00:19.131752,2077.7611490228865,gbtree,0.04944328403138672,0.3232549917330189,depthwise,2.5371118751620156e-08,5,COMPLETE
186,0.86438335548731,2022-08-29 23:36:15.174253,2022-08-29 23:36:33.516044,0 days 00:00:18.341791,2062.525906425384,gbtree,0.025423545046489655,0.48826778327771814,depthwise,2.0834611027546874e-08,5,COMPLETE
187,0.881633621693152,2022-08-29 23:36:33.518625,2022-08-29 23:36:52.405715,0 days 00:00:18.887090,267.4311718367979,gbtree,0.034689468580608736,0.9797378368853639,depthwise,3.0445001102520755e-08,5,COMPLETE
188,0.8855760487162172,2022-08-29 23:36:52.407928,2022-08-29 23:37:11.169866,0 days 00:00:18.761938,6003.929439170256,gbtree,0.04886138316451201,0.21119968468088957,depthwise,6.439276585630298e-08,5,COMPLETE
189,0.8527535721286366,2022-08-29 23:37:11.172067,2022-08-29 23:37:30.231121,0 days 00:00:19.059054,3168.1743240165565,gbtree,0.023309230300569788,0.12776532160973733,depthwise,1.0897573809860483e-08,5,COMPLETE
190,0.8835450670760616,2022-08-29 23:37:30.233432,2022-08-29 23:37:48.645740,0 days 00:00:18.412308,55.605753742805646,gbtree,0.03702896948369532,0.2087303953796681,depthwise,4.287370406541331e-08,5,COMPLETE
191,0.8850369231968596,2022-08-29 23:37:48.648023,2022-08-29 23:38:08.589800,0 days 00:00:19.941777,6994.799519764027,gbtree,0.04846801878080829,0.6552245072288597,depthwise,7.766705379286552e-08,5,COMPLETE
192,0.8825557377690152,2022-08-29 23:38:08.591963,2022-08-29 23:38:27.065942,0 days 00:00:18.473979,14465.667501984768,gbtree,0.036804745591033416,0.39161315573636546,depthwise,2.284104539546429e-08,5,COMPLETE
193,-1.6263754852843357,2022-08-29 23:38:27.068168,2022-08-29 23:38:45.320420,0 days 00:00:18.252252,605.826410066152,gbtree,0.0007307436912784563,0.972930365698779,depthwise,9.818524303184845e-08,5,COMPLETE
194,0.8755012292089429,2022-08-29 23:38:45.322558,2022-08-29 23:39:03.493874,0 days 00:00:18.171316,1812.5019327412103,gbtree,0.029213157255588935,0.5849698944424422,depthwise,5.340724707809993e-08,5,COMPLETE
195,0.8851053521917669,2022-08-29 23:39:03.496117,2022-08-29 23:39:21.663165,0 days 00:00:18.167048,4192.268668353365,gbtree,0.04798857057096913,0.25586124841083824,depthwise,1.978471519063819e-07,5,COMPLETE
196,0.884832244895682,2022-08-29 23:39:21.665660,2022-08-29 23:39:39.862150,0 days 00:00:18.196490,174.65274744961147,gbtree,0.04988101803569776,0.41229549217596784,depthwise,2.0167425347540657e-08,5,COMPLETE
197,0.8823499693143659,2022-08-29 23:39:39.863492,2022-08-29 23:39:58.477814,0 days 00:00:18.614322,373.82788144453593,gbtree,0.03537897012146324,0.6692897633808201,depthwise,3.437027977353369e-08,5,COMPLETE
198,0.8248554525397749,2022-08-29 23:39:58.480021,2022-08-29 23:40:16.832465,0 days 00:00:18.352444,1459.6868169112292,gbtree,0.020152840376561988,0.3404872939079749,depthwise,9.18425362288086e-08,5,COMPLETE
199,0.8678577719014551,2022-08-29 23:40:16.834717,2022-08-29 23:40:35.577926,0 days 00:00:18.743209,7402.298448630495,gbtree,0.026486199566915544,0.7150867164465502,depthwise,1.6020809971786008e-08,5,COMPLETE
